leg,time,lat,lng,tickLead,tickRace,distance
0,2016-01-02T02:02:22Z,-33.35568333,147.93415000,-119.0,,124.57
0,2016-01-02T02:02:52Z,-33.35573333,147.93415000,-89.0,,124.572
0,2016-01-02T02:03:22Z,-33.35575000,147.93415000,-59.0,,124.572
0,2016-01-02T02:03:52Z,-33.35575000,147.93415000,-29.0,,124.572
0,2016-01-02T02:04:22Z,-33.35575000,147.93415000,1.0,,124.572
0,2016-01-02T02:04:52Z,-33.35575000,147.93415000,31.0,,124.572
0,2016-01-02T02:05:22Z,-33.35575000,147.93415000,61.0,,124.572
0,2016-01-02T02:05:52Z,-33.35575000,147.93415000,91.0,,124.572
0,2016-01-02T02:06:22Z,-33.35576667,147.93415000,121.0,,124.573
1,2016-01-02T02:06:52Z,-33.35683333,147.93436667,151.0,,124.632
1,2016-01-02T02:06:57Z,-33.35738333,147.93453333,156.0,,124.668
1,2016-01-02T02:07:02Z,-33.35793333,147.93466667,161.0,,124.7
1,2016-01-02T02:07:07Z,-33.35851667,147.93473333,166.0,,124.729
1,2016-01-02T02:07:12Z,-33.35910000,147.93490000,171.0,,124.766
1,2016-01-02T02:07:17Z,-33.35966667,147.93520000,176.0,,124.814
1,2016-01-02T02:07:22Z,-33.36018333,147.93565000,181.0,,124.874
1,2016-01-02T02:07:27Z,-33.36063333,147.93625000,186.0,,124.944
1,2016-01-02T02:07:32Z,-33.36103333,147.93685000,191.0,,125.011
1,2016-01-02T02:07:37Z,-33.36130000,147.93753333,196.0,,125.081
1,2016-01-02T02:07:42Z,-33.36148333,147.93831667,201.0,,125.157
1,2016-01-02T02:07:47Z,-33.36155000,147.93923333,206.0,,125.239
1,2016-01-02T02:07:52Z,-33.36133333,147.94020000,211.0,,125.314
1,2016-01-02T02:07:57Z,-33.36093333,147.94108333,216.0,,125.375
1,2016-01-02T02:08:02Z,-33.36031667,147.94186667,221.0,,125.419
1,2016-01-02T02:08:07Z,-33.35960000,147.94258333,226.0,,125.454
1,2016-01-02T02:08:12Z,-33.35878333,147.94311667,231.0,,125.47
1,2016-01-02T02:08:17Z,-33.35790000,147.94340000,236.0,,125.462
1,2016-01-02T02:08:22Z,-33.35693333,147.94355000,241.0,,125.439
1,2016-01-02T02:08:27Z,-33.35593333,147.94358333,246.0,,125.406
1,2016-01-02T02:08:32Z,-33.35491667,147.94358333,251.0,,125.369
1,2016-01-02T02:08:37Z,-33.35388333,147.94350000,256.0,,125.325
1,2016-01-02T02:08:42Z,-33.35291667,147.94320000,261.0,,125.265
1,2016-01-02T02:08:47Z,-33.35200000,147.94278333,266.0,,125.196
1,2016-01-02T02:08:52Z,-33.35113333,147.94220000,271.0,,125.115
1,2016-01-02T02:08:57Z,-33.35040000,147.94151667,276.0,,125.03
1,2016-01-02T02:09:02Z,-33.34983333,147.94060000,281.0,,124.93
1,2016-01-02T02:09:07Z,-33.34945000,147.93958333,286.0,,124.827
1,2016-01-02T02:09:12Z,-33.34930000,147.93856667,291.0,,124.732
1,2016-01-02T02:09:17Z,-33.34935000,147.93768333,296.0,,124.655
1,2016-01-02T02:09:22Z,-33.34948333,147.93690000,301.0,,124.59
1,2016-01-02T02:09:27Z,-33.34973333,147.93610000,306.0,,124.528
1,2016-01-02T02:09:32Z,-33.35010000,147.93533333,311.0,,124.473
1,2016-01-02T02:09:37Z,-33.35058333,147.93471667,316.0,,124.435
1,2016-01-02T02:09:42Z,-33.35108333,147.93415000,321.0,,124.403
1,2016-01-02T02:09:47Z,-33.35168333,147.93361667,326.0,,124.377
1,2016-01-02T02:09:52Z,-33.35226667,147.93313333,331.0,,124.355
1,2016-01-02T02:09:57Z,-33.35281667,147.93255000,336.0,,124.324
1,2016-01-02T02:10:02Z,-33.35340000,147.93210000,341.0,,124.306
1,2016-01-02T02:10:07Z,-33.35401667,147.93176667,346.0,,124.299
1,2016-01-02T02:10:12Z,-33.35465000,147.93135000,351.0,,124.286
1,2016-01-02T02:10:17Z,-33.35530000,147.93093333,356.0,,124.274
1,2016-01-02T02:10:22Z,-33.35600000,147.93060000,361.0,,124.272
1,2016-01-02T02:10:27Z,-33.35670000,147.93031667,366.0,,124.274
1,2016-01-02T02:10:32Z,-33.35740000,147.93010000,371.0,,124.282
1,2016-01-02T02:10:37Z,-33.35813333,147.93000000,376.0,,124.302
1,2016-01-02T02:10:42Z,-33.35888333,147.92995000,381.0,,124.328
1,2016-01-02T02:10:47Z,-33.35961667,147.92991667,386.0,,124.354
1,2016-01-02T02:10:52Z,-33.36038333,147.92985000,391.0,,124.379
1,2016-01-02T02:10:57Z,-33.36113333,147.92980000,396.0,,124.405
1,2016-01-02T02:11:02Z,-33.36185000,147.92978333,401.0,,124.433
1,2016-01-02T02:11:07Z,-33.36250000,147.92981667,406.0,,124.463
1,2016-01-02T02:11:12Z,-33.36311667,147.92993333,411.0,,124.499
1,2016-01-02T02:11:17Z,-33.36373333,147.93020000,416.0,,124.548
1,2016-01-02T02:11:22Z,-33.36430000,147.93060000,421.0,,124.606
1,2016-01-02T02:11:27Z,-33.36488333,147.93090000,426.0,,124.656
1,2016-01-02T02:11:32Z,-33.36550000,147.93100000,431.0,,124.691
1,2016-01-02T02:11:37Z,-33.36610000,147.93078333,436.0,,124.699
1,2016-01-02T02:11:42Z,-33.36656667,147.93026667,441.0,,124.675
1,2016-01-02T02:11:47Z,-33.36668333,147.92951667,446.0,,124.616
1,2016-01-02T02:11:52Z,-33.36606667,147.92886667,451.0,,124.533
1,2016-01-02T02:11:57Z,-33.36528333,147.92886667,456.0,,124.499
1,2016-01-02T02:12:02Z,-33.36470000,147.92926667,461.0,,124.509
1,2016-01-02T02:12:07Z,-33.36445000,147.92993333,466.0,,124.555
1,2016-01-02T02:12:12Z,-33.36453333,147.93060000,471.0,,124.616
1,2016-01-02T02:12:17Z,-33.36456667,147.93131667,476.0,,124.679
1,2016-01-02T02:12:22Z,-33.36451667,147.93206667,481.0,,124.741
1,2016-01-02T02:12:27Z,-33.36441667,147.93280000,486.0,,124.8
1,2016-01-02T02:12:32Z,-33.36418333,147.93360000,491.0,,124.859
1,2016-01-02T02:12:37Z,-33.36405000,147.93440000,496.0,,124.922
1,2016-01-02T02:12:42Z,-33.36403333,147.93516667,501.0,,124.988
1,2016-01-02T02:12:47Z,-33.36378333,147.93588333,506.0,,125.039
1,2016-01-02T02:12:52Z,-33.36331667,147.93643333,511.0,,125.067
1,2016-01-02T02:12:57Z,-33.36270000,147.93700000,516.0,,125.091
1,2016-01-02T02:13:02Z,-33.36221667,147.93756667,521.0,,125.121
1,2016-01-02T02:13:07Z,-33.36173333,147.93801667,526.0,,125.14
1,2016-01-02T02:13:12Z,-33.36115000,147.93790000,531.0,,125.107
1,2016-01-02T02:13:17Z,-33.36061667,147.93735000,536.0,,125.038
1,2016-01-02T02:13:22Z,-33.36045000,147.93658333,541.0,,124.965
1,2016-01-02T02:13:27Z,-33.36063333,147.93596667,546.0,,124.919
1,2016-01-02T02:13:32Z,-33.36110000,147.93605000,551.0,,124.945
1,2016-01-02T02:13:38Z,-33.36126667,147.93665000,557.0,,125.003
1,2016-01-02T02:13:43Z,-33.36105000,147.93730000,562.0,,125.051
1,2016-01-02T02:13:48Z,-33.36061667,147.93783333,567.0,,125.08
1,2016-01-02T02:13:53Z,-33.36001667,147.93831667,572.0,,125.099
1,2016-01-02T02:13:58Z,-33.35933333,147.93830000,577.0,,125.071
1,2016-01-02T02:14:03Z,-33.35886667,147.93770000,582.0,,125.001
1,2016-01-02T02:14:08Z,-33.35858333,147.93693333,587.0,,124.923
1,2016-01-02T02:14:13Z,-33.35838333,147.93606667,592.0,,124.84
1,2016-01-02T02:14:18Z,-33.35850000,147.93531667,597.0,,124.779
1,2016-01-02T02:14:23Z,-33.35896667,147.93483333,602.0,,124.755
1,2016-01-02T02:14:28Z,-33.35948333,147.93466667,607.0,,124.761
1,2016-01-02T02:14:33Z,-33.36006667,147.93431667,612.0,,124.753
1,2016-01-02T02:14:38Z,-33.36075000,147.93420000,617.0,,124.77
1,2016-01-02T02:14:43Z,-33.36130000,147.93433333,622.0,,124.804
1,2016-01-02T02:14:48Z,-33.36193333,147.93443333,627.0,,124.838
1,2016-01-02T02:14:53Z,-33.36255000,147.93441667,632.0,,124.862
1,2016-01-02T02:14:58Z,-33.36323333,147.93446667,637.0,,124.894
1,2016-01-02T02:15:03Z,-33.36391667,147.93455000,642.0,,124.93
1,2016-01-02T02:15:08Z,-33.36443333,147.93458333,647.0,,124.954
1,2016-01-02T02:15:13Z,-33.36491667,147.93456667,652.0,,124.973
1,2016-01-02T02:15:18Z,-33.36545000,147.93418333,657.0,,124.962
1,2016-01-02T02:15:23Z,-33.36588333,147.93375000,662.0,,124.944
1,2016-01-02T02:15:28Z,-33.36638333,147.93353333,667.0,,124.946
1,2016-01-02T02:15:33Z,-33.36688333,147.93361667,672.0,,124.975
1,2016-01-02T02:15:38Z,-33.36730000,147.93373333,677.0,,125.003
1,2016-01-02T02:15:43Z,-33.36771667,147.93381667,682.0,,125.028
1,2016-01-02T02:15:48Z,-33.36806667,147.93336667,687.0,,125.005
1,2016-01-02T02:15:53Z,-33.36836667,147.93281667,692.0,,124.971
1,2016-01-02T02:15:58Z,-33.36868333,147.93303333,697.0,,125.003
1,2016-01-02T02:16:03Z,-33.36830000,147.93353333,702.0,,125.029
1,2016-01-02T02:16:08Z,-33.36755000,147.93350000,707.0,,124.994
1,2016-01-02T02:16:13Z,-33.36690000,147.93286667,712.0,,124.911
1,2016-01-02T02:16:18Z,-33.36646667,147.93206667,717.0,,124.824
1,2016-01-02T02:16:23Z,-33.36631667,147.93125000,722.0,,124.748
1,2016-01-02T02:16:28Z,-33.36661667,147.93086667,727.0,,124.728
1,2016-01-02T02:16:33Z,-33.36665000,147.93131667,732.0,,124.768
1,2016-01-02T02:16:38Z,-33.36600000,147.93133333,737.0,,124.741
1,2016-01-02T02:16:43Z,-33.36571667,147.93060000,742.0,,124.666
1,2016-01-02T02:16:48Z,-33.36595000,147.93006667,747.0,,124.631
1,2016-01-02T02:16:53Z,-33.36635000,147.92975000,752.0,,124.621
1,2016-01-02T02:16:58Z,-33.36681667,147.92965000,757.0,,124.633
1,2016-01-02T02:17:03Z,-33.36695000,147.93020000,762.0,,124.686
1,2016-01-02T02:17:08Z,-33.36673333,147.93080000,767.0,,124.727
1,2016-01-02T02:17:13Z,-33.36615000,147.93113333,772.0,,124.731
1,2016-01-02T02:17:18Z,-33.36528333,147.93071667,777.0,,124.658
1,2016-01-02T02:17:23Z,-33.36510000,147.92993333,782.0,,124.583
1,2016-01-02T02:17:28Z,-33.36546667,147.92958333,787.0,,124.569
1,2016-01-02T02:17:33Z,-33.36575000,147.92991667,792.0,,124.609
1,2016-01-02T02:17:38Z,-33.36546667,147.93038333,797.0,,124.637
1,2016-01-02T02:17:43Z,-33.36473333,147.93026667,802.0,,124.596
1,2016-01-02T02:17:48Z,-33.36441667,147.92950000,807.0,,124.516
1,2016-01-02T02:17:53Z,-33.36478333,147.92930000,812.0,,124.515
1,2016-01-02T02:17:58Z,-33.36451667,147.92980000,817.0,,124.546
1,2016-01-02T02:18:03Z,-33.36380000,147.92950000,822.0,,124.49
1,2016-01-02T02:18:08Z,-33.36366667,147.92866667,827.0,,124.413
1,2016-01-02T02:18:13Z,-33.36413333,147.92841667,832.0,,124.411
1,2016-01-02T02:18:18Z,-33.36440000,147.92885000,837.0,,124.46
1,2016-01-02T02:18:23Z,-33.36390000,147.92926667,842.0,,124.475
1,2016-01-02T02:18:28Z,-33.36311667,147.92898333,847.0,,124.417
1,2016-01-02T02:18:33Z,-33.36300000,147.92815000,852.0,,124.341
1,2016-01-02T02:18:38Z,-33.36338333,147.92806667,857.0,,124.35
1,2016-01-02T02:18:43Z,-33.36320000,147.92861667,862.0,,124.389
1,2016-01-02T02:18:48Z,-33.36246667,147.92846667,867.0,,124.345
1,2016-01-02T02:18:53Z,-33.36228333,147.92760000,872.0,,124.263
1,2016-01-02T02:18:58Z,-33.36261667,147.92726667,877.0,,124.249
1,2016-01-02T02:19:03Z,-33.36273333,147.92780000,882.0,,124.299
1,2016-01-02T02:19:08Z,-33.36236667,147.92836667,887.0,,124.333
1,2016-01-02T02:19:13Z,-33.36165000,147.92853333,892.0,,124.317
1,2016-01-02T02:19:18Z,-33.36106667,147.92786667,897.0,,124.236
1,2016-01-02T02:19:23Z,-33.36130000,147.92725000,902.0,,124.192
1,2016-01-02T02:19:28Z,-33.36148333,147.92763333,907.0,,124.233
1,2016-01-02T02:19:33Z,-33.36091667,147.92813333,912.0,,124.253
1,2016-01-02T02:19:38Z,-33.36010000,147.92806667,917.0,,124.213
1,2016-01-02T02:19:43Z,-33.35970000,147.92726667,922.0,,124.128
1,2016-01-02T02:19:48Z,-33.35996667,147.92660000,927.0,,124.081
1,2016-01-02T02:19:53Z,-33.36041667,147.92660000,932.0,,124.1
1,2016-01-02T02:19:58Z,-33.36058333,147.92711667,937.0,,124.151
1,2016-01-02T02:20:03Z,-33.35998333,147.92745000,942.0,,124.155
1,2016-01-02T02:20:08Z,-33.35918333,147.92741667,947.0,,124.12
1,2016-01-02T02:20:13Z,-33.35891667,147.92668333,952.0,,124.046
1,2016-01-02T02:20:18Z,-33.35933333,147.92620000,957.0,,124.021
1,2016-01-02T02:20:23Z,-33.35970000,147.92626667,962.0,,124.042
1,2016-01-02T02:20:28Z,-33.35968333,147.92681667,967.0,,124.088
1,2016-01-02T02:20:33Z,-33.35898333,147.92695000,972.0,,124.072
1,2016-01-02T02:20:38Z,-33.35853333,147.92621667,977.0,,123.99
1,2016-01-02T02:20:43Z,-33.35885000,147.92563333,982.0,,123.952
1,2016-01-02T02:20:48Z,-33.35931667,147.92560000,987.0,,123.968
1,2016-01-02T02:20:53Z,-33.35963333,147.92595000,992.0,,124.011
1,2016-01-02T02:20:58Z,-33.35943333,147.92655000,997.0,,124.055
1,2016-01-02T02:21:03Z,-33.35873333,147.92711667,1002.0,,124.076
1,2016-01-02T02:21:08Z,-33.35791667,147.92711667,1007.0,,124.043
1,2016-01-02T02:21:13Z,-33.35743333,147.92643333,1012.0,,123.965
1,2016-01-02T02:21:18Z,-33.35740000,147.92560000,1017.0,,123.891
1,2016-01-02T02:21:23Z,-33.35770000,147.92495000,1022.0,,123.847
1,2016-01-02T02:21:28Z,-33.35815000,147.92466667,1027.0,,123.84
1,2016-01-02T02:21:33Z,-33.35828333,147.92516667,1032.0,,123.889
1,2016-01-02T02:21:38Z,-33.35783333,147.92570000,1037.0,,123.917
1,2016-01-02T02:21:43Z,-33.35703333,147.92575000,1042.0,,123.89
1,2016-01-02T02:21:48Z,-33.35646667,147.92511667,1047.0,,123.812
1,2016-01-02T02:21:53Z,-33.35655000,147.92433333,1052.0,,123.748
1,2016-01-02T02:21:58Z,-33.35705000,147.92421667,1057.0,,123.757
1,2016-01-02T02:22:03Z,-33.35716667,147.92473333,1062.0,,123.807
1,2016-01-02T02:22:08Z,-33.35656667,147.92518333,1067.0,,123.822
1,2016-01-02T02:22:13Z,-33.35576667,147.92521667,1072.0,,123.794
1,2016-01-02T02:22:18Z,-33.35520000,147.92458333,1077.0,,123.717
1,2016-01-02T02:22:23Z,-33.35511667,147.92370000,1082.0,,123.636
1,2016-01-02T02:22:28Z,-33.35543333,147.92306667,1087.0,,123.594
1,2016-01-02T02:22:33Z,-33.35586667,147.92298333,1092.0,,123.603
1,2016-01-02T02:22:38Z,-33.35603333,147.92346667,1097.0,,123.652
1,2016-01-02T02:22:43Z,-33.35546667,147.92406667,1102.0,,123.682
1,2016-01-02T02:22:48Z,-33.35473333,147.92423333,1107.0,,123.668
1,2016-01-02T02:22:53Z,-33.35408333,147.92365000,1112.0,,123.592
1,2016-01-02T02:22:58Z,-33.35411667,147.92291667,1117.0,,123.53
1,2016-01-02T02:23:03Z,-33.35465000,147.92283333,1122.0,,123.543
1,2016-01-02T02:23:08Z,-33.35480000,147.92333333,1127.0,,123.592
1,2016-01-02T02:23:13Z,-33.35425000,147.92380000,1132.0,,123.612
1,2016-01-02T02:23:18Z,-33.35348333,147.92340000,1137.0,,123.548
1,2016-01-02T02:23:23Z,-33.35303333,147.92265000,1142.0,,123.465
1,2016-01-02T02:23:28Z,-33.35328333,147.92200000,1147.0,,123.418
1,2016-01-02T02:23:33Z,-33.35381667,147.92200000,1152.0,,123.438
1,2016-01-02T02:23:38Z,-33.35426667,147.92218333,1157.0,,123.471
1,2016-01-02T02:23:43Z,-33.35466667,147.92255000,1162.0,,123.519
1,2016-01-02T02:23:48Z,-33.35500000,147.92305000,1167.0,,123.575
1,2016-01-02T02:23:53Z,-33.35490000,147.92375000,1172.0,,123.632
1,2016-01-02T02:23:58Z,-33.35425000,147.92426667,1177.0,,123.652
1,2016-01-02T02:24:03Z,-33.35350000,147.92446667,1182.0,,123.641
1,2016-01-02T02:24:08Z,-33.35268333,147.92448333,1187.0,,123.612
1,2016-01-02T02:24:13Z,-33.35186667,147.92466667,1192.0,,123.598
1,2016-01-02T02:24:18Z,-33.35106667,147.92498333,1197.0,,123.596
1,2016-01-02T02:24:23Z,-33.35033333,147.92540000,1202.0,,123.606
1,2016-01-02T02:24:28Z,-33.34953333,147.92580000,1207.0,,123.612
1,2016-01-02T02:24:33Z,-33.34868333,147.92615000,1212.0,,123.613
1,2016-01-02T02:24:38Z,-33.34785000,147.92653333,1217.0,,123.618
1,2016-01-02T02:24:43Z,-33.34703333,147.92688333,1222.0,,123.621
1,2016-01-02T02:24:48Z,-33.34620000,147.92713333,1227.0,,123.615
1,2016-01-02T02:24:53Z,-33.34548333,147.92743333,1232.0,,123.618
1,2016-01-02T02:24:58Z,-33.34476667,147.92780000,1237.0,,123.627
1,2016-01-02T02:25:03Z,-33.34396667,147.92806667,1242.0,,123.625
1,2016-01-02T02:25:08Z,-33.34320000,147.92800000,1247.0,,123.594
1,2016-01-02T02:25:13Z,-33.34266667,147.92728333,1252.0,,123.514
1,2016-01-02T02:25:18Z,-33.34233333,147.92646667,1257.0,,123.431
1,2016-01-02T02:25:23Z,-33.34196667,147.92570000,1262.0,,123.351
1,2016-01-02T02:25:28Z,-33.34138333,147.92508333,1267.0,,123.278
1,2016-01-02T02:25:33Z,-33.34060000,147.92538333,1272.0,,123.28
1,2016-01-02T02:25:38Z,-33.34018333,147.92606667,1277.0,,123.329
1,2016-01-02T02:25:43Z,-33.33973333,147.92675000,1282.0,,123.376
1,2016-01-02T02:25:48Z,-33.33898333,147.92723333,1287.0,,123.397
1,2016-01-02T02:25:53Z,-33.33836667,147.92778333,1292.0,,123.428
1,2016-01-02T02:25:58Z,-33.33785000,147.92833333,1297.0,,123.463
1,2016-01-02T02:26:03Z,-33.33716667,147.92828333,1302.0,,123.439
1,2016-01-02T02:26:08Z,-33.33696667,147.92758333,1307.0,,123.37
1,2016-01-02T02:26:13Z,-33.33735000,147.92743333,1312.0,,123.368
1,2016-01-02T02:26:18Z,-33.33781667,147.92768333,1317.0,,123.403
1,2016-01-02T02:26:23Z,-33.33771667,147.92826667,1322.0,,123.453
1,2016-01-02T02:26:28Z,-33.33706667,147.92871667,1327.0,,123.475
1,2016-01-02T02:26:33Z,-33.33621667,147.92860000,1332.0,,123.441
1,2016-01-02T02:26:38Z,-33.33548333,147.92813333,1337.0,,123.378
1,2016-01-02T02:26:43Z,-33.33535000,147.92743333,1342.0,,123.312
1,2016-01-02T02:26:48Z,-33.33576667,147.92745000,1347.0,,123.325
1,2016-01-02T02:26:53Z,-33.33556667,147.92800000,1352.0,,123.369
1,2016-01-02T02:26:58Z,-33.33493333,147.92770000,1357.0,,123.324
1,2016-01-02T02:27:03Z,-33.33510000,147.92711667,1362.0,,123.276
1,2016-01-02T02:27:08Z,-33.33545000,147.92741667,1367.0,,123.313
1,2016-01-02T02:27:13Z,-33.33500000,147.92783333,1372.0,,123.338
1,2016-01-02T02:27:18Z,-33.33435000,147.92750000,1377.0,,123.291
1,2016-01-02T02:27:23Z,-33.33428333,147.92676667,1382.0,,123.223
1,2016-01-02T02:27:28Z,-33.33468333,147.92671667,1387.0,,123.229
1,2016-01-02T02:27:33Z,-33.33456667,147.92721667,1392.0,,123.271
1,2016-01-02T02:27:38Z,-33.33391667,147.92701667,1397.0,,123.236
1,2016-01-02T02:27:43Z,-33.33393333,147.92633333,1402.0,,123.174
1,2016-01-02T02:27:48Z,-33.33430000,147.92643333,1407.0,,123.193
1,2016-01-02T02:27:53Z,-33.33403333,147.92691667,1412.0,,123.23
1,2016-01-02T02:27:58Z,-33.33340000,147.92665000,1417.0,,123.189
1,2016-01-02T02:28:03Z,-33.33331667,147.92590000,1422.0,,123.119
1,2016-01-02T02:28:09Z,-33.33371667,147.92571667,1428.0,,123.113
1,2016-01-02T02:28:14Z,-33.33370000,147.92626667,1433.0,,123.162
1,2016-01-02T02:28:19Z,-33.33305000,147.92641667,1438.0,,123.159
1,2016-01-02T02:28:24Z,-33.33260000,147.92580000,1443.0,,123.091
1,2016-01-02T02:28:29Z,-33.33275000,147.92513333,1448.0,,123.035
1,2016-01-02T02:28:34Z,-33.33306667,147.92525000,1453.0,,123.054
1,2016-01-02T02:28:39Z,-33.33286667,147.92578333,1458.0,,123.097
1,2016-01-02T02:28:44Z,-33.33220000,147.92573333,1463.0,,123.075
1,2016-01-02T02:28:49Z,-33.33186667,147.92501667,1468.0,,123.001
1,2016-01-02T02:28:54Z,-33.33216667,147.92466667,1473.0,,122.977
1,2016-01-02T02:28:59Z,-33.33235000,147.92510000,1478.0,,123.021
1,2016-01-02T02:29:04Z,-33.33188333,147.92550000,1483.0,,123.045
1,2016-01-02T02:29:09Z,-33.33126667,147.92520000,1488.0,,123.003
1,2016-01-02T02:29:14Z,-33.33113333,147.92450000,1493.0,,122.936
1,2016-01-02T02:29:19Z,-33.33145000,147.92396667,1498.0,,122.896
1,2016-01-02T02:29:24Z,-33.33186667,147.92410000,1503.0,,122.918
1,2016-01-02T02:29:29Z,-33.33168333,147.92473333,1508.0,,122.971
1,2016-01-02T02:29:34Z,-33.33090000,147.92485000,1513.0,,122.962
1,2016-01-02T02:29:39Z,-33.33023333,147.92453333,1518.0,,122.916
1,2016-01-02T02:29:44Z,-33.33028333,147.92400000,1523.0,,122.869
1,2016-01-02T02:29:49Z,-33.33061667,147.92425000,1528.0,,122.9
1,2016-01-02T02:29:54Z,-33.33048333,147.92486667,1533.0,,122.953
1,2016-01-02T02:29:59Z,-33.32983333,147.92516667,1538.0,,122.964
1,2016-01-02T02:30:01Z,-33.32956667,147.92506667,1540.0,,122.948
1,2016-01-02T02:30:02Z,-33.32945000,147.92495000,1541.0,,122.935
1,2016-01-02T02:30:07Z,-33.32913333,147.92420000,1546.0,,122.859
1,2016-01-02T02:30:12Z,-33.32925000,147.92350000,1551.0,,122.799
1,2016-01-02T02:30:17Z,-33.32965000,147.92313333,1556.0,,122.775
1,2016-01-02T02:30:22Z,-33.33010000,147.92325000,1561.0,,122.797
1,2016-01-02T02:30:27Z,-33.33005000,147.92386667,1566.0,,122.851
1,2016-01-02T02:30:32Z,-33.32941667,147.92428333,1571.0,,122.874
1,2016-01-02T02:30:37Z,-33.32870000,147.92418333,1576.0,,122.847
1,2016-01-02T02:30:42Z,-33.32825000,147.92358333,1581.0,,122.782
1,2016-01-02T02:30:47Z,-33.32826667,147.92290000,1586.0,,122.721
1,2016-01-02T02:30:52Z,-33.32873333,147.92273333,1591.0,,122.717
1,2016-01-02T02:30:57Z,-33.32915000,147.92303333,1596.0,,122.754
1,2016-01-02T02:31:02Z,-33.32953333,147.92346667,1601.0,,122.803
1,2016-01-02T02:31:07Z,-33.33010000,147.92380000,1606.0,,122.847
1,2016-01-02T02:31:12Z,-33.33048333,147.92388333,1611.0,,122.864
1,2016-01-02T02:31:17Z,-33.33103333,147.92381667,1616.0,,122.872
1,2016-01-02T02:31:22Z,-33.33150000,147.92368333,1621.0,,122.871
1,2016-01-02T02:31:27Z,-33.33186667,147.92346667,1626.0,,122.861
1,2016-01-02T02:31:32Z,-33.33233333,147.92333333,1631.0,,122.861
1,2016-01-02T02:31:37Z,-33.33278333,147.92326667,1636.0,,122.867
1,2016-01-02T02:31:42Z,-33.33313333,147.92340000,1641.0,,122.888
1,2016-01-02T02:31:47Z,-33.33270000,147.92383333,1646.0,,122.916
1,2016-01-02T02:31:52Z,-33.33201667,147.92343333,1651.0,,122.862
1,2016-01-02T02:31:57Z,-33.33170000,147.92270000,1656.0,,122.788
1,2016-01-02T02:32:02Z,-33.33183333,147.92223333,1661.0,,122.749
1,2016-01-02T02:32:07Z,-33.33200000,147.92251667,1666.0,,122.779
1,2016-01-02T02:32:12Z,-33.33150000,147.92293333,1671.0,,122.804
1,2016-01-02T02:32:17Z,-33.33075000,147.92276667,1676.0,,122.769
1,2016-01-02T02:32:22Z,-33.33048333,147.92213333,1681.0,,122.705
1,2016-01-02T02:32:27Z,-33.33080000,147.92183333,1686.0,,122.686
1,2016-01-02T02:32:32Z,-33.33093333,147.92223333,1691.0,,122.726
1,2016-01-02T02:32:37Z,-33.33045000,147.92266667,1696.0,,122.753
1,2016-01-02T02:32:42Z,-33.32970000,147.92263333,1701.0,,122.731
1,2016-01-02T02:32:47Z,-33.32921667,147.92203333,1706.0,,122.665
1,2016-01-02T02:32:52Z,-33.32940000,147.92150000,1711.0,,122.621
1,2016-01-02T02:32:57Z,-33.32981667,147.92140000,1716.0,,122.622
1,2016-01-02T02:33:02Z,-33.33016667,147.92170000,1721.0,,122.658
1,2016-01-02T02:33:07Z,-33.33056667,147.92186667,1726.0,,122.683
1,2016-01-02T02:33:12Z,-33.33091667,147.92200000,1731.0,,122.704
1,2016-01-02T02:33:17Z,-33.33135000,147.92228333,1736.0,,122.741
1,2016-01-02T02:33:22Z,-33.33190000,147.92246667,1741.0,,122.772
1,2016-01-02T02:33:27Z,-33.33235000,147.92271667,1746.0,,122.806
1,2016-01-02T02:33:32Z,-33.33283333,147.92305000,1751.0,,122.849
1,2016-01-02T02:33:37Z,-33.33326667,147.92321667,1756.0,,122.875
1,2016-01-02T02:33:42Z,-33.33381667,147.92345000,1761.0,,122.911
1,2016-01-02T02:33:47Z,-33.33436667,147.92363333,1766.0,,122.943
1,2016-01-02T02:33:52Z,-33.33501667,147.92373333,1771.0,,122.97
1,2016-01-02T02:33:57Z,-33.33570000,147.92378333,1776.0,,122.993
1,2016-01-02T02:34:02Z,-33.33646667,147.92381667,1781.0,,123.018
1,2016-01-02T02:34:07Z,-33.33716667,147.92411667,1786.0,,123.065
1,2016-01-02T02:34:12Z,-33.33780000,147.92453333,1791.0,,123.12
1,2016-01-02T02:34:17Z,-33.33835000,147.92496667,1796.0,,123.175
1,2016-01-02T02:34:22Z,-33.33905000,147.92526667,1801.0,,123.223
1,2016-01-02T02:34:27Z,-33.33973333,147.92540000,1806.0,,123.255
1,2016-01-02T02:34:32Z,-33.34056667,147.92555000,1811.0,,123.294
1,2016-01-02T02:34:37Z,-33.34123333,147.92570000,1816.0,,123.328
1,2016-01-02T02:34:42Z,-33.34191667,147.92571667,1821.0,,123.351
1,2016-01-02T02:34:47Z,-33.34270000,147.92586667,1826.0,,123.389
1,2016-01-02T02:34:52Z,-33.34336667,147.92608333,1831.0,,123.429
1,2016-01-02T02:34:57Z,-33.34403333,147.92621667,1836.0,,123.463
1,2016-01-02T02:35:02Z,-33.34460000,147.92640000,1841.0,,123.497
1,2016-01-02T02:35:07Z,-33.34515000,147.92651667,1846.0,,123.526
1,2016-01-02T02:35:12Z,-33.34583333,147.92646667,1851.0,,123.544
1,2016-01-02T02:35:17Z,-33.34656667,147.92666667,1856.0,,123.586
1,2016-01-02T02:35:22Z,-33.34723333,147.92698333,1861.0,,123.637
1,2016-01-02T02:35:27Z,-33.34796667,147.92730000,1866.0,,123.69
1,2016-01-02T02:35:32Z,-33.34840000,147.92776667,1871.0,,123.746
1,2016-01-02T02:35:37Z,-33.34828333,147.92830000,1876.0,,123.789
1,2016-01-02T02:35:42Z,-33.34760000,147.92828333,1881.0,,123.764
1,2016-01-02T02:35:47Z,-33.34728333,147.92760000,1886.0,,123.693
1,2016-01-02T02:35:52Z,-33.34753333,147.92706667,1891.0,,123.654
1,2016-01-02T02:35:57Z,-33.34788333,147.92728333,1896.0,,123.686
1,2016-01-02T02:36:02Z,-33.34771667,147.92788333,1901.0,,123.733
1,2016-01-02T02:36:07Z,-33.34745000,147.92846667,1906.0,,123.775
1,2016-01-02T02:36:12Z,-33.34756667,147.92900000,1911.0,,123.826
1,2016-01-02T02:36:17Z,-33.34791667,147.92933333,1916.0,,123.868
1,2016-01-02T02:36:22Z,-33.34851667,147.92945000,1921.0,,123.899
1,2016-01-02T02:36:27Z,-33.34910000,147.92951667,1926.0,,123.925
1,2016-01-02T02:36:32Z,-33.34960000,147.92960000,1931.0,,123.95
1,2016-01-02T02:36:37Z,-33.35025000,147.92966667,1936.0,,123.978
1,2016-01-02T02:36:42Z,-33.35081667,147.92983333,1941.0,,124.013
1,2016-01-02T02:36:47Z,-33.35133333,147.92986667,1946.0,,124.034
1,2016-01-02T02:36:52Z,-33.35180000,147.92991667,1951.0,,124.056
1,2016-01-02T02:36:57Z,-33.35225000,147.92990000,1956.0,,124.071
1,2016-01-02T02:37:02Z,-33.35263333,147.93000000,1961.0,,124.093
1,2016-01-02T02:37:07Z,-33.35311667,147.93016667,1966.0,,124.126
1,2016-01-02T02:37:12Z,-33.35353333,147.93023333,1971.0,,124.147
1,2016-01-02T02:37:17Z,-33.35396667,147.93035000,1976.0,,124.173
1,2016-01-02T02:37:22Z,-33.35428333,147.93068333,1981.0,,124.214
1,2016-01-02T02:37:27Z,-33.35433333,147.93130000,1986.0,,124.27
1,2016-01-02T02:37:32Z,-33.35408333,147.93191667,1991.0,,124.315
1,2016-01-02T02:37:37Z,-33.35388333,147.93258333,1996.0,,124.366
1,2016-01-02T02:37:42Z,-33.35360000,147.93325000,2001.0,,124.414
1,2016-01-02T02:37:47Z,-33.35325000,147.93395000,2006.0,,124.462
1,2016-01-02T02:37:52Z,-33.35331667,147.93470000,2011.0,,124.531
1,2016-01-02T02:37:57Z,-33.35346667,147.93526667,2016.0,,124.586
1,2016-01-02T02:38:02Z,-33.35398333,147.93530000,2021.0,,124.608
1,2016-01-02T02:38:07Z,-33.35445000,147.93523333,2026.0,,124.619
1,2016-01-02T02:38:12Z,-33.35460000,147.93523333,2031.0,,124.624
1,2016-01-02T02:38:17Z,-33.35468333,147.93521667,2036.0,,124.626
1,2016-01-02T02:38:22Z,-33.35473333,147.93520000,2041.0,,124.626
1,2016-01-02T02:38:27Z,-33.35480000,147.93515000,2046.0,,124.624
1,2016-01-02T02:38:32Z,-33.35485000,147.93513333,2051.0,,124.625
1,2016-01-02T02:38:37Z,-33.35490000,147.93510000,2056.0,,124.624
1,2016-01-02T02:38:42Z,-33.35493333,147.93506667,2061.0,,124.622
1,2016-01-02T02:38:47Z,-33.35500000,147.93503333,2066.0,,124.622
1,2016-01-02T02:38:52Z,-33.35503333,147.93500000,2071.0,,124.62
1,2016-01-02T02:38:57Z,-33.35506667,147.93496667,2076.0,,124.618
1,2016-01-02T02:39:02Z,-33.35510000,147.93495000,2081.0,,124.618
1,2016-01-02T02:39:07Z,-33.35515000,147.93493333,2086.0,,124.618
1,2016-01-02T02:39:12Z,-33.35520000,147.93488333,2091.0,,124.616
1,2016-01-02T02:39:17Z,-33.35523333,147.93486667,2096.0,,124.616
1,2016-01-02T02:39:22Z,-33.35523333,147.93486667,2101.0,,124.616
1,2016-01-02T02:39:27Z,-33.35523333,147.93486667,2106.0,,124.616
